<?xml version="1.0" encoding="UTF-8"?>
<project-private xmlns="http://www.netbeans.org/ns/project-private/1">
    <editor-bookmarks xmlns="http://www.netbeans.org/ns/editor-bookmarks/2" lastBookmarkId="0"/>
    <open-files xmlns="http://www.netbeans.org/ns/projectui-open-files/2">
        <group>
            <file>file:/Users/Alix/Documents/Education%20Unlimited%20Curriculum/Java%201/In%20Class%20Examples/Car/src/car/CarTest.java</file>
            <file>file:/Users/Alix/Documents/Education%20Unlimited%20Curriculum/Java%201/In%20Class%20Examples/Car/src/car/Car.java</file>
        </group>
    </open-files>
</project-private>
